,MONTH,ID,TEMP_C,LONGITUDE,LATITUDE,RCLASS,COORDS,START_TIME,END_TIME,Q99,DAILY_DIFF,DEPTH,REGION,SHOREDIST,SST,SST_MAX,WEEKLY_DIFF
0,2,3725.0,28.551155738304097,148.4452,-17.7174,Back Reef Slope,POINT (148.4452 -17.7174),2007-07-01 00:00:00,2010-06-18 13:30:00,29.482675,0.8357590993094057,4.0,AUSTRALIA,111.31948852539062,28.82393798828128,30.2499938964844,1.734399437904358
1,1,3727.0,29.418760282258063,149.962,-16.2863,Outer Reef Flat,POINT (149.962 -16.2863),2007-07-01 00:00:00,2011-04-16 13:30:00,31.468465,1.5148579476068544,2.2,AUSTRALIA,8593.361328125,28.850885009765648,30.123986816406276,1.9590625762939453
2,2,3746.0,27.52617454279444,154.4015,-20.9361,Shallow Lagoon,POINT (154.4015 -20.9361),2007-06-09 00:00:00,2010-10-17 13:30:00,29.32,0.9427144070805435,3.0,AUSTRALIA,103.9698486328125,28.124780273437523,29.150994873046898,1.8150750398635864
3,2,5362.0,28.44073988095238,152.3894,-19.0957,Back Reef Slope,POINT (152.3894 -19.0957),2008-10-14 00:00:00,2010-10-18 13:30:00,29.98,0.9595702311809589,4.25,AUSTRALIA,244706.125,28.473199462890648,29.476007080078148,1.2980910539627075
4,1,5364.0,28.921362684811825,147.8724,-16.4674,Back Reef Slope,POINT (147.8724 -16.4674),2008-11-01 00:00:00,2012-09-20 13:30:00,30.8949,1.0605852213848328,4.1,AUSTRALIA,146007.171875,28.995965576171898,30.665979003906276,1.9438683986663818
5,2,5366.0,29.28665669642857,147.1177,-15.4877,Shallow Lagoon,POINT (147.1177 -15.4877),2008-11-01 00:00:00,2010-10-31 23:30:00,31.8825,1.2615125945450378,3.0,AUSTRALIA,169389.34375,29.162225341796898,31.016992187500023,1.513413429260254
6,2,3144.0,24.623300215517244,159.0687,-29.4501,Back Reef Slope,POINT (159.0687 -29.4501),2007-03-01 00:00:00,2008-10-28 12:30:00,26.795983,1.02725898772375,7.4,AUSTRALIA,226535.1875,24.573571777343773,25.959985351562523,0.9257731437683105
7,2,3742.0,22.01641522988505,159.0687,-29.4501,Back Reef Slope,POINT (159.0687 -29.4501),2007-03-01 00:00:00,2008-10-27 12:30:00,23.1913,0.556271209727279,3.3,AUSTRALIA,226535.1875,24.573571777343773,25.959985351562523,0.9759973287582397
8,2,3148.0,25.75404856321839,159.1005,-29.452,Deep Lagoon,POINT (159.1005 -29.452),2007-03-01 00:00:00,2008-10-27 12:30:00,28.428965,1.5660737926770627,4.4,AUSTRALIA,226332.0625,24.533990478515648,25.838006591796898,1.0358176231384277
9,2,3182.0,24.39742370689655,159.0934,-29.9377,Inner Reef Flat,POINT (159.0934 -29.9377),2007-03-01 00:00:00,2008-10-28 12:30:00,26.524478,1.592774878266237,4.3,AUSTRALIA,172337.875,24.489678955078148,25.516992187500023,1.0660008192062378
10,1,5331.0,25.00729405864197,159.0654,-31.5391,Shallow Lagoon,POINT (159.0654 -31.5391),2009-03-04 00:00:00,2013-03-31 23:30:00,27.1843,1.1180842494951762,3.9,AUSTRALIA,580.1455078125,24.751824951171898,26.373986816406276,2.347299814224243
11,2,5334.0,24.787590710784315,159.0547,-31.5203,Inner Reef Flat,POINT (159.0547 -31.5203),2009-03-04 00:00:00,2013-06-27 12:30:00,27.7462,1.553447655078752,4.2,AUSTRALIA,94.8946533203125,24.753961181640648,26.420983886718773,2.3227298259735107
12,2,5339.0,25.47386257440476,159.0469,-31.5211,Inner Reef Flat,POINT (159.0469 -31.5211),2009-03-04 00:00:00,2011-03-31 23:30:00,27.4456,1.3531978268968088,2.55,AUSTRALIA,220.0264129638672,25.3940368652344,26.420983886718773,1.5306473970413208
13,1,9908.0,24.461642002688173,159.0755,-29.931,Inner Reef Flat,POINT (159.0755 -29.931),2007-03-01 00:00:00,2008-11-30 23:30:00,27.633148,1.945110140405616,1.0,AUSTRALIA,172991.4375,24.499414062500023,25.484002685546898,1.1340644359588623
14,3,6354.0,27.823765322580645,115.5214,-20.5214,Back Reef Slope,POINT (115.5214 -20.5214),2009-07-01 00:00:00,2010-05-21 15:30:00,29.552235,1.2651449691991783,2.3,AUSTRALIA,1669.7923583984375,28.542047119140648,29.747979736328148,0.8653978109359741
15,3,6355.0,27.56572573924731,115.5214,-20.5214,Back Reef Slope,POINT (115.5214 -20.5214),2009-05-01 00:00:00,2010-05-21 15:30:00,28.908022,0.992223941227312,6.1,AUSTRALIA,1669.7923583984375,28.542047119140648,29.747979736328148,0.8925833106040955
16,3,5471.0,26.903097647849464,115.5836,-20.4185,Back Reef Slope,POINT (115.5836 -20.4185),2009-05-01 00:00:00,2010-05-20 15:30:00,28.949148,0.995715164644714,2.5,AUSTRALIA,236.4883728027344,28.325463867187523,29.6559997558594,0.7760722041130066
17,3,5475.0,26.62152822580645,115.5912,-20.4164,Back Reef Slope,POINT (115.5912 -20.4164),2009-05-01 00:00:00,2010-05-20 15:30:00,28.4808,0.7901604852686309,7.0,AUSTRALIA,556.5974731445312,28.29244384765628,29.6769958496094,0.8590244054794312
18,3,9850.0,28.794832280465947,115.5251,-20.7847,Back Reef Slope,POINT (115.5251 -20.7847),2009-12-01 00:00:00,2012-04-30 23:30:00,30.76,0.6502059405940595,6.7,AUSTRALIA,4670.17138671875,29.200799560546898,31.0939880371094,2.0168681144714355
19,1,10775.0,28.53313733552632,115.5251,-20.7847,Back Reef Slope,POINT (115.5251 -20.7847),2009-12-01 00:00:00,2011-01-20 15:30:00,30.9838,0.6950040096230954,4.5,AUSTRALIA,4670.17138671875,28.729516601562523,30.816003417968773,1.278306245803833
20,3,9858.0,29.14859808467742,115.4616,-20.9019,Back Reef Slope,POINT (115.4616 -20.9019),2009-12-01 00:00:00,2012-01-31 23:30:00,30.929955,0.7009478956999086,4.85,AUSTRALIA,5928.64306640625,29.538018798828148,31.109979248046898,2.404222249984741
21,2,11975.0,30.048288864942528,114.1572,-21.8704,Back Reef Slope,POINT (114.1572 -21.8704),2012-01-01 00:00:00,2013-11-23 15:30:00,31.373945,1.2313426518615285,3.7,AUSTRALIA,929.7686157226562,29.698999023437523,31.515985107421898,1.5606491565704346
22,2,11976.0,27.41621073529412,113.7532,-23.1305,Shallow Lagoon,POINT (113.7532 -23.1305),2012-01-05 00:00:00,2014-04-30 23:30:00,29.7563,0.9493842463372236,4.7,AUSTRALIA,1081.843017578125,27.840661621093773,30.275994873046898,1.5644989013671875
23,3,11977.0,27.63301055107527,113.5439,-23.7648,Shallow Lagoon,POINT (113.5439 -23.7648),2012-01-01 00:00:00,2014-11-30 23:30:00,30.126,2.007770287316048,2.5,AUSTRALIA,101.8806610107422,27.193872070312523,29.253991699218773,2.017768383026123
24,3,11979.0,27.85540409946237,114.3746,-21.6557,Sheltered Reef Slope,POINT (114.3746 -21.6557),2013-07-06 00:00:00,2015-05-31 23:30:00,29.4436,0.951539603427578,5.9,AUSTRALIA,607.9054565429688,28.597070312500023,30.079003906250023,1.5392069816589355
25,2,3673.0,29.6441908625731,119.646,-17.0755,Deep Lagoon,POINT (119.646 -17.0755),2010-11-01 00:00:00,2012-08-30 15:30:00,30.570475,0.5912557942057943,7.0,AUSTRALIA,3700.63818359375,30.086846923828148,31.3019958496094,1.2445955276489258
26,4,3674.0,30.20136175925926,119.6492,-17.0657,Reef Slope,POINT (119.6492 -17.0657),2007-12-01 00:00:00,2011-04-30 23:30:00,32.5572,0.9949287402661954,6.0,AUSTRALIA,3000.651123046875,30.397027587890648,31.7609802246094,1.8335537910461426
27,4,3675.0,30.424102326388887,119.3704,-17.2838,Deep Lagoon,POINT (119.3704 -17.2838),2008-11-05 00:00:00,2010-05-24 15:30:00,31.4205,1.0322842603550295,5.05,AUSTRALIA,0.0,30.735253906250023,31.472985839843773,0.8751881718635559
28,4,3988.0,30.42281086165049,121.948,-14.0793,Reef Slope,POINT (121.948 -14.0793),2003-10-01 00:00:00,2014-09-30 23:30:00,31.4249,0.5822406266690403,8.3,AUSTRALIA,18478.021484375,30.526971435546898,32.27898559570315,2.824147939682007
29,4,3989.0,30.332771166666667,121.777,-14.069,Deep Lagoon,POINT (121.777 -14.069),2007-04-01 00:00:00,2010-04-30 23:30:00,31.6947,1.0579012995668111,6.0,AUSTRALIA,1001.8754272460938,30.268609619140648,31.834008789062523,1.792321801185608
30,11,5472.0,30.8388246875,123.5797,-12.5267,Deep Lagoon,POINT (123.5797 -12.5267),2008-11-01 00:00:00,2010-03-31 23:30:00,31.9364,1.0244908914728683,1.0,AUSTRALIA,2454.64599609375,30.442742919921898,31.688989257812523,0.839680016040802
31,11,5477.0,30.738962569444443,123.5741,-12.5258,Deep Lagoon,POINT (123.5741 -12.5258),2008-11-01 00:00:00,2010-03-31 23:30:00,31.7558,0.8712862403100775,2.0,AUSTRALIA,1964.40478515625,30.2746520996094,31.717004394531276,0.8460004925727844
32,3,5474.0,30.770939684139787,122.9996,-12.2245,Deep Lagoon,POINT (122.9996 -12.2245),2008-11-06 00:00:00,2011-02-28 23:30:00,32.2357,0.9775473330699332,5.0,AUSTRALIA,3798.321533203125,30.445611572265648,31.422998046875023,1.17134690284729
33,4,5904.0,29.67392375,123.5565,-12.5242,Reef Slope,POINT (123.5565 -12.5242),2008-11-01 00:00:00,2010-03-31 23:30:00,30.5445,0.7373972868217056,8.5,AUSTRALIA,645.0442504882812,30.463159179687523,31.7390075683594,0.919772744178772
34,11,5905.0,30.06149911764706,122.9898,-12.2396,Deep Lagoon,POINT (122.9898 -12.2396),2008-11-06 00:00:00,2011-08-31 23:30:00,32.13,2.247184415584416,4.2,AUSTRALIA,2114.39697265625,30.288018798828148,31.432000732421898,1.632694125175476
35,11,6341.0,29.95689234848485,122.969,-12.2247,Reef Slope,POINT (122.969 -12.2247),2008-11-06 00:00:00,2010-06-30 23:30:00,31.4191,1.586413122923588,4.5,AUSTRALIA,1784.4312744140625,30.418725585937523,31.386987304687523,0.9233435988426208
36,12,10315.0,29.423340322580643,122.969,-12.2246,Reef Slope,POINT (122.969 -12.2246),2010-07-15 00:00:00,2011-08-31 23:30:00,30.740987,0.99469200968523,19.7,AUSTRALIA,1784.4312744140625,30.506433105468773,31.432000732421898,0.8617004156112671
37,3,9127.0,29.763891297043013,118.9658,-17.5358,Deep Lagoon,POINT (118.9658 -17.5358),2009-07-01 00:00:00,2011-07-21 15:30:00,31.5299,1.5128908626560724,3.95,AUSTRALIA,106.14652252197266,30.168389892578148,31.4789978027344,1.5857453346252441
38,12,2619.0,28.06410228494624,146.9933,-18.4448,Deep Lagoon,POINT (146.9933 -18.4448),2008-06-09 10:30:00,2009-11-30 23:30:00,29.745958,0.9148474692626926,2.0,AUSTRALIA,45968.109375,29.0881286621094,30.023004150390648,1.2481536865234375
39,1,2620.0,28.63262333939945,146.9846,-18.4221,Reef Slope,POINT (146.9846 -18.4221),2007-08-13 00:00:00,2011-06-22 13:30:00,29.9074,0.5821357313268489,6.6,AUSTRALIA,47099.19140625,28.974542236328148,30.2189880371094,2.124279737472534
40,1,2621.0,28.537916700268816,148.8819,-20.0413,Plateau,POINT (148.8819 -20.0413),2006-05-06 00:00:00,2008-03-16 13:30:00,30.22275,1.4548634627158077,2.0,AUSTRALIA,104.57849884033205,27.909844970703148,28.961999511718773,1.369346022605896
41,2,2622.0,28.89375618572293,148.8122,-20.2557,Sheltered Reef Slope,POINT (148.8122 -20.2557),2007-12-14 00:00:00,2015-02-28 23:30:00,30.0255,0.3369140248962655,7.0,AUSTRALIA,0.0,28.472589111328148,30.605004882812523,2.7212588787078857
42,2,2949.0,28.997615679824563,148.8122,-20.2557,Sheltered Reef Slope,POINT (148.8122 -20.2557),2007-12-14 00:00:00,2012-04-30 23:30:00,30.1619,0.5390970582543063,3.75,AUSTRALIA,0.0,28.626367187500023,30.605004882812523,2.494919538497925
43,2,2624.0,29.104100818452384,146.4839,-18.6116,Sheltered Reef Slope,POINT (146.4839 -18.6116),2009-03-14 00:00:00,2010-08-31 23:30:00,30.0462,0.3957473880597014,7.7,AUSTRALIA,111.31948852539062,29.292382812500023,30.631005859375023,1.092432975769043
44,3,2625.0,29.88230443548387,146.4888,-18.5406,Sheltered Reef Slope,POINT (146.4888 -18.5406),2014-07-01 00:00:00,2015-05-31 23:30:00,30.9447,0.8417328358208955,2.0,AUSTRALIA,105.54191589355467,29.807672119140648,31.471002197265648,0.7757294774055481
45,1,2626.0,28.56104264112903,146.483,-18.5718,Sheltered Reef Slope,POINT (146.483 -18.5718),2008-02-10 00:00:00,2010-06-30 23:30:00,29.9751,0.5031024082568807,6.75,AUSTRALIA,0.0,29.056207275390648,30.839990234375023,1.796115517616272
46,1,2628.0,29.577911693548387,145.9933,-16.425,Inner Reef Flat,POINT (145.9933 -16.425),2007-03-01 00:00:00,2008-11-30 23:30:00,31.531426,1.3763263650546025,0.8,AUSTRALIA,20129.388671875,28.99385986328128,29.859979248046898,1.3063551187515259
47,2,2630.0,28.306055505952383,147.6686,-18.806,Sheltered Reef Slope,POINT (147.6686 -18.806),2009-03-06 00:00:00,2013-05-20 13:30:00,29.4266,0.4437365034838475,8.3,AUSTRALIA,62373.09765625,28.772821044921898,29.982995605468773,1.9721218347549438
48,12,2631.0,30.062115826612903,147.3814,-18.2585,Outer Reef Flat,POINT (147.3814 -18.2585),2007-06-01 00:00:00,2015-05-31 23:30:00,31.2678,1.081637983025462,4.0,AUSTRALIA,90327.2421875,29.066522216796898,30.6879821777344,2.3843624591827393
49,1,2633.0,29.676641465053763,147.4519,-18.3999,Reef Slope,POINT (147.4519 -18.3999),2007-06-01 00:00:00,2010-12-31 23:30:00,30.9175,0.5461075208558874,9.0,AUSTRALIA,87730.1484375,28.918298339843773,30.351007080078148,2.0708649158477783
50,2,2642.0,27.21425856911884,151.7739,-23.2457,Sheltered Reef Slope,POINT (151.7739 -23.2457),2008-05-04 00:00:00,2012-03-26 13:30:00,31.616235,4.428623210301524,1.2,AUSTRALIA,245.00965881347656,27.407525634765648,30.476007080078148,1.8084924221038818
51,2,2643.0,27.28624754464285,151.7768,-23.2465,Outer Reef Flat,POINT (151.7768 -23.2465),2008-05-08 00:00:00,2011-02-28 23:30:00,27.8345,0.756902772556391,11.05,AUSTRALIA,102.28205108642578,27.451318359375023,30.435998535156276,1.4969606399536133
52,1,2644.0,28.29456969086021,148.8997,-20.0572,Sheltered Reef Slope,POINT (148.8997 -20.0572),2006-05-07 00:00:00,2010-11-23 17:30:00,29.264760000000003,0.3746972808293925,9.0,AUSTRALIA,313.7035217285156,28.228295898437523,30.600000000000023,2.4304046630859375
53,2,2649.0,29.36561139380532,145.4422,-14.6884,Reef Slope,POINT (145.4422 -14.6884),2007-03-11 10:00:00,2012-01-31 23:30:00,31.872546,1.554699712596677,2.1,AUSTRALIA,222.63897705078125,29.096704101562523,31.144982910156276,2.560366153717041
54,2,2650.0,27.406391974572905,151.9182,-23.4384,Inner Reef Flat,POINT (151.9182 -23.4384),2008-05-01 00:00:00,2014-10-20 13:30:00,31.889064000000005,3.9552573756631655,1.0,AUSTRALIA,349.2268981933594,27.126153564453148,29.060998535156276,1.9868011474609375
55,1,2651.0,27.406307442876344,150.9701,-23.2015,Back Reef Slope,POINT (150.9701 -23.2015),2006-09-05 00:00:00,2013-07-31 23:30:00,28.8315,0.4690724173223309,5.8,AUSTRALIA,102.3165283203125,27.3378845214844,29.663995361328148,2.8554418087005615
56,1,2652.0,27.653475470430102,150.9706,-23.2005,Terrestrial Reef Flat,POINT (150.9706 -23.2005),2009-01-01 00:00:00,2013-07-31 23:30:00,29.159524,0.8394339847767949,2.4,AUSTRALIA,102.31729888916016,27.528131103515648,29.663995361328148,2.3100216388702393
57,2,2663.0,28.02731845238096,152.5662,-21.4727,Inner Reef Flat,POINT (152.5662 -21.4727),2010-04-01 00:00:00,2014-10-31 23:30:00,29.472286,1.2959794817813763,1.7,AUSTRALIA,33191.9375,27.863885498046898,28.641992187500023,1.794018030166626
58,1,2666.0,29.957857190860214,143.0336,-11.4409,Sheltered Reef Slope,POINT (143.0336 -11.4409),2011-11-01 00:00:00,2012-11-17 13:30:00,30.5552,0.6462083206273144,7.6,AUSTRALIA,676.7697143554688,29.784936523437523,30.209008789062523,0.6031177043914795
59,2,2668.0,26.99478571078432,151.9081,-23.4435,Outer Reef Flat,POINT (151.9081 -23.4435),2008-05-12 00:00:00,2012-03-29 13:30:00,28.05,1.220382851503541,7.9,AUSTRALIA,325.9881591796875,27.40474853515628,29.096002197265648,1.7822831869125366
60,1,2671.0,29.799558911058504,145.97,-16.7583,Outer Reef Flat,POINT (145.97 -16.7583),2007-04-01 00:00:00,2009-11-17 13:30:00,32.421524,2.549988224412961,0.3,AUSTRALIA,106.5915985107422,29.249108886718773,30.477990722656276,1.9143881797790527
61,2,2672.0,29.684740204678363,145.9803,-16.7755,Plateau,POINT (145.9803 -16.7755),2003-11-15 00:00:00,2013-10-18 13:30:00,31.27828,2.0621127158256223,6.0,AUSTRALIA,1723.362060546875,29.22237548828128,30.661981201171898,3.058159589767456
62,12,2681.0,28.631188552867386,144.0311,-11.5897,Outer Reef Flat,POINT (144.0311 -11.5897),2008-12-01 00:00:00,2011-10-30 13:30:00,30.132331,1.3461755609603012,2.0,AUSTRALIA,0.0,29.26632080078128,30.610986328125023,1.9426132440567017
63,2,2684.0,29.20631367647059,145.4695,-14.6911,Reef Slope,POINT (145.4695 -14.6911),2007-03-09 00:00:00,2010-10-18 13:30:00,30.9639,0.423312587810898,7.0,AUSTRALIA,215.35989379882807,29.111627197265648,31.175988769531276,2.260491132736206
64,2,2685.0,30.669463449541283,145.5619,-16.3831,Sheltered Reef Slope,POINT (145.5619 -16.3831),2007-08-15 00:00:00,2010-01-31 23:30:00,32.54142399999999,2.002958035341589,0.1,AUSTRALIA,106.79939270019533,29.121636962890648,30.200006103515648,1.7839421033859253
65,1,2686.0,29.419619690860213,145.5728,-16.3865,Sheltered Reef Slope,POINT (145.5728 -16.3865),2007-09-01 00:00:00,2011-07-31 13:30:00,30.8169,1.1343521700179175,5.0,AUSTRALIA,154.26512145996094,29.134393310546898,30.847985839843773,2.3534138202667236
66,12,2695.0,29.103244220430103,146.8645,-19.1549,Terrestrial Reef Flat,POINT (146.8645 -19.1549),2009-03-10 00:00:00,2010-11-30 23:30:00,31.038801000000003,1.8110736709532016,2.0,AUSTRALIA,237.95773315429688,29.2580505371094,30.661981201171898,1.4881294965744019
67,1,2709.0,29.426992254704302,146.2336,-16.8519,Reef Slope,POINT (146.2336 -16.8519),2006-07-01 04:00:00,2011-04-20 13:30:00,31.112347,0.772935474463471,1.95,AUSTRALIA,25303.181640625,29.082116699218773,30.7709899902344,2.5423524379730225
68,12,2720.0,29.7295063844086,147.451,-18.4015,Outer Reef Flat,POINT (147.451 -18.4015),2007-06-01 00:00:00,2011-04-30 23:30:00,30.8214,0.7396291560363302,3.0,AUSTRALIA,87624.8828125,29.002557373046898,30.351007080078148,2.1040613651275635
69,2,2722.0,29.65098387254902,147.0811,-18.619,Sheltered Reef Slope,POINT (147.0811 -18.619),2007-06-02 00:00:00,2010-12-31 23:30:00,31.5633,0.7957258505138188,3.0,AUSTRALIA,41849.94921875,28.80758056640628,30.167993164062523,2.134899616241455
70,2,2724.0,29.3571481372549,147.7199,-18.6534,Outer Reef Flat,POINT (147.7199 -18.6534),2007-06-10 00:00:00,2010-12-31 23:30:00,31.074563,0.8704587110026961,3.0,AUSTRALIA,80018.2578125,28.780908203125023,29.861993408203148,1.9380170106887817
71,1,2726.0,29.42108948924731,147.3813,-18.2572,Reef Slope,POINT (147.3813 -18.2572),2007-06-08 00:00:00,2015-04-30 13:30:00,31.6721,0.5805971232020012,8.0,AUSTRALIA,90397.8203125,29.066522216796898,30.6879821777344,2.42647123336792
72,2,2739.0,29.38740639367816,146.0871,-16.6891,Sheltered Reef Slope,POINT (146.0871 -16.6891),2011-11-05 00:00:00,2013-11-16 21:30:00,30.864887,0.8648140801001252,2.4,AUSTRALIA,10839.4111328125,29.661187744140648,30.661981201171898,1.347598910331726
73,1,3032.0,27.474467741935484,150.9383,-23.1536,Back Reef Slope,POINT (150.9383 -23.1536),2008-06-01 00:00:00,2011-04-30 23:30:00,29.247501000000003,0.4863611301719561,7.050000000000001,AUSTRALIA,1697.7872314453125,27.773858642578148,29.691003417968773,1.9137544631958008
74,2,3080.0,28.81890686746988,148.8884,-20.378,Plateau,POINT (148.8884 -20.378),2008-05-01 00:00:00,2012-05-31 23:30:00,29.5843,0.2867692168099331,6.7,AUSTRALIA,104.35231018066406,28.698663330078148,30.421990966796898,2.3473949432373047
75,2,3084.0,28.24915334821429,148.7218,-20.1046,Plateau,POINT (148.7218 -20.1046),2010-07-01 00:00:00,2011-05-22 13:30:00,29.0573,0.5284906833887894,3.7,AUSTRALIA,111.31948852539062,28.592187500000023,29.536004638671898,0.7469345927238464
76,2,3085.0,28.718155515521065,148.7219,-20.1051,Plateau,POINT (148.7219 -20.1051),2007-12-13 00:00:00,2015-12-31 23:30:00,29.684,0.4606692728284713,6.0,AUSTRALIA,222.63897705078125,28.580682373046898,30.769982910156276,2.726693868637085
77,1,3086.0,28.20323156922043,149.0389,-20.4685,Plateau,POINT (149.0389 -20.4685),2007-07-01 00:00:00,2015-10-24 13:30:00,29.3815,0.6400535362901149,3.85,AUSTRALIA,0.0,28.419946289062523,30.175988769531276,2.7847259044647217
78,2,3087.0,28.397919914215688,149.0389,-20.4685,Plateau,POINT (149.0389 -20.4685),2007-07-01 00:00:00,2013-06-30 23:30:00,29.5372,0.4825390838763767,6.6,AUSTRALIA,0.0,28.60299072265628,30.175988769531276,2.5525848865509033
79,1,3088.0,28.152752688172043,148.9382,-20.345,Back Reef Slope,POINT (148.9382 -20.345),2006-05-09 00:00:00,2007-06-26 13:30:00,29.0405,0.3274101752971993,2.0,AUSTRALIA,152.59803771972656,27.58468017578128,28.6870056152344,0.8838201761245728
80,1,3089.0,28.06871935483871,148.9382,-20.345,Back Reef Slope,POINT (148.9382 -20.345),2006-05-09 00:00:00,2007-06-26 13:30:00,28.932,0.2836872456175699,7.6,AUSTRALIA,152.59803771972656,27.58468017578128,28.6870056152344,0.8675994873046875
81,2,3262.0,27.36627588438309,151.0707,-23.1578,Outer Reef Flat,POINT (151.0707 -23.1578),2007-12-12 00:00:00,2014-01-31 23:30:00,28.6031,0.3351377747993406,9.0,AUSTRALIA,0.0,27.454278564453148,29.631982421875023,2.5455727577209473
82,1,3170.0,29.3229657594086,146.1742,-17.6722,Outer Reef Flat,POINT (146.1742 -17.6722),2007-07-06 00:00:00,2009-05-16 13:30:00,30.6642,0.6899626423411289,2.0,AUSTRALIA,0.0,29.108575439453148,30.546990966796898,1.4008359909057617
83,1,3177.0,29.193184509408603,146.0904,-17.227,Sheltered Reef Slope,POINT (146.0904 -17.227),2009-09-01 00:00:00,2015-07-31 23:30:00,30.3225,0.4065042217651092,6.6,AUSTRALIA,240.02511596679688,29.234155273437523,30.807000732421898,2.5908877849578857
84,1,3259.0,27.40406932795699,150.9638,-23.2162,Back Reef Slope,POINT (150.9638 -23.2162),2008-08-01 00:00:00,2014-04-30 23:30:00,28.7148,0.6324475114854518,4.6,AUSTRALIA,102.30504608154295,27.505059814453148,29.692987060546898,2.5959064960479736
85,1,3272.0,28.909089381720428,147.634,-18.8313,Deep Lagoon,POINT (147.634 -18.8313),2009-03-07 00:00:00,2011-12-20 13:30:00,29.76,0.4168358305782547,8.3,AUSTRALIA,58278.96875,28.813043212890648,29.818994140625023,1.836097002029419
86,2,4010.0,29.27619375,147.6339,-18.8312,Deep Lagoon,POINT (147.6339 -18.8312),2009-03-07 00:00:00,2012-10-31 23:30:00,30.274064,0.5953423344947736,3.8,AUSTRALIA,58232.69921875,28.819390869140648,29.855004882812523,1.941444993019104
87,2,3698.0,27.850221948099417,150.4895,-20.7647,Sheltered Reef Slope,POINT (150.4895 -20.7647),2006-09-07 00:00:00,2012-02-29 23:30:00,28.7875,0.366071351766513,10.0,AUSTRALIA,48117.29296875,28.328149414062523,29.6249938964844,2.2693169116973877
88,3,3707.0,28.25621370967741,150.4916,-20.7647,Sheltered Reef Slope,POINT (150.4916 -20.7647),2006-09-06 00:00:00,2007-12-16 13:30:00,29.2096,0.8767900875156277,1.4,AUSTRALIA,48304.484375,27.67012939453128,28.8859802246094,0.804060697555542
89,2,3699.0,27.51886772058824,150.8916,-20.7718,Plateau,POINT (150.8916 -20.7718),2006-09-08 00:00:00,2011-09-30 23:30:00,28.2408,0.3243465622280244,11.0,AUSTRALIA,87467.9140625,28.1479431152344,29.631005859375023,2.229444742202759
90,2,3706.0,28.23632456140351,150.8925,-20.7722,Outer Reef Flat,POINT (150.8925 -20.7722),2006-09-06 00:00:00,2008-07-17 13:30:00,28.9809,0.5419761479123301,1.9,AUSTRALIA,87543.1484375,27.896875000000023,28.881982421875023,1.1999613046646118
91,1,3714.0,31.02468632392473,146.3325,-18.6798,Outer Reef Flat,POINT (146.3325 -18.6798),2006-09-01 00:00:00,2008-06-30 23:30:00,32.653,0.6024877428998504,2.0,AUSTRALIA,1814.70849609375,28.942163085937523,30.700982666015648,1.7576944828033447
92,1,3715.0,30.498462533602147,146.333,-18.6802,Outer Reef Flat,POINT (146.333 -18.6802),2006-09-01 00:00:00,2008-06-30 23:30:00,32.167275,0.5383333333333333,5.0,AUSTRALIA,1954.8011474609373,28.942163085937523,30.700982666015648,1.7520633935928345
93,12,10198.0,29.163679737903227,145.5136,-14.7435,Reef Crest,POINT (145.5136 -14.7435),2010-11-01 00:00:00,2012-09-30 23:30:00,30.66885,1.1243034285714284,1.9,AUSTRALIA,0.0,29.348809814453148,30.271997070312523,1.2186517715454102
94,2,10878.0,27.03401162280701,151.9762,-23.3317,Outer Reef Flat,POINT (151.9762 -23.3317),2010-12-01 00:00:00,2012-08-24 13:30:00,27.7053,0.6363698326966144,6.6,AUSTRALIA,1431.03466796875,27.407739257812523,29.086999511718773,1.03192138671875
95,2,10921.0,29.734314456035765,143.0997,-10.518,Outer Reef Flat,POINT (143.0997 -10.518),2012-10-04 00:00:00,2013-11-30 23:30:00,32.325341,3.275864965517241,1.4,AUSTRALIA,0.0,29.5566345214844,30.326989746093773,0.845118522644043
96,12,10931.0,29.32045356182796,142.8191,-10.2009,Inner Reef Flat,POINT (142.8191 -10.2009),2012-10-06 00:00:00,2015-02-24 13:30:00,31.1447,2.213867597284635,1.6,AUSTRALIA,458.5582885742188,29.4975524902344,30.847985839843773,1.3817602396011353
97,4,10933.0,28.739944722222223,144.0406,-9.9134,Outer Reef Flat,POINT (144.0406 -9.9134),2012-10-06 00:00:00,2013-11-29 13:30:00,29.907743,1.2171035749751735,2.6,AUSTRALIA,109.65735626220705,28.9150329589844,29.601007080078148,0.6934216022491455
98,2,10935.0,29.840728943452383,143.2264,-10.1744,Back Reef Slope,POINT (143.2264 -10.1744),2012-10-07 00:00:00,2013-11-30 23:30:00,30.7207,1.3715378571428571,2.3,AUSTRALIA,12143.72265625,29.427789306640648,30.383996582031276,0.8165820240974426
99,1,10936.0,29.31863938172043,143.226,-10.1741,Reef Slope,POINT (143.226 -10.1741),2012-10-07 00:00:00,2015-02-24 13:30:00,30.3216,0.6715615627996164,4.1,AUSTRALIA,12143.72265625,29.455163574218773,30.5629821777344,1.3479238748550415
100,1,11956.0,29.513764986559146,143.8767,-9.1395,Reef Slope,POINT (143.8767 -9.1395),2011-12-14 00:00:00,2012-11-30 23:30:00,30.996687,1.164198583569405,3.8,AUSTRALIA,156.4333038330078,29.605157470703148,30.6559997558594,0.7802954912185669
101,2,12198.0,28.4722447002924,149.4305,-19.8069,Sheltered Reef Slope,POINT (149.4305 -19.8069),2011-03-15 00:00:00,2013-04-23 13:30:00,29.1873,0.2657523521141993,7.4,AUSTRALIA,53819.05078125,28.760339355468773,29.5620056152344,1.0680804252624512
102,2,12201.0,27.859122843567253,150.0822,-19.7457,Outer Reef Flat,POINT (150.0822 -19.7457),2011-04-01 00:00:00,2013-03-31 23:30:00,29.1617,1.5505662106703146,2.4,AUSTRALIA,109644.5,28.136041259765648,28.7919860839844,0.9245416522026062
103,2,12205.0,28.90842054093567,148.8848,-20.0877,Deep Lagoon,POINT (148.8848 -20.0877),2011-04-01 00:00:00,2013-04-20 13:30:00,30.1279,1.5258824469856778,2.0,AUSTRALIA,804.4381713867188,28.9907165527344,29.838006591796898,1.2719990015029907
104,2,12206.0,28.7942298245614,148.8738,-20.0779,Sheltered Reef Slope,POINT (148.8738 -20.0779),2011-04-01 00:00:00,2013-04-20 13:30:00,29.5004,0.4456355723326302,9.1,AUSTRALIA,0.0,29.001824951171898,29.838983154296898,1.2992911338806152
105,2,12207.0,27.707936887254903,150.1499,-19.795,Reef Crest,POINT (150.1499 -19.795),2011-04-01 00:00:00,2014-12-31 23:30:00,28.9925,1.2700769333738973,2.0,AUSTRALIA,113075.171875,27.934747314453148,28.876000976562523,1.4239164590835571
106,2,12208.0,27.952472270114946,150.1612,-19.7919,Reef Slope,POINT (150.1612 -19.7919),2011-04-01 00:00:00,2012-06-30 23:30:00,28.5781,0.4379553610503283,8.7,AUSTRALIA,114397.46875,28.4238220214844,28.904992675781276,0.6444607973098755
107,2,12210.0,28.731378106725145,149.0377,-20.1819,Back Reef Slope,POINT (149.0377 -20.1819),2011-04-01 00:00:00,2013-04-19 13:30:00,29.3374,0.2735110728182325,8.9,AUSTRALIA,104.48497009277344,28.939630126953148,29.713006591796898,1.289290189743042
108,2,12398.0,27.91093625730993,152.4465,-21.2965,Reef Slope,POINT (152.4465 -21.2965),2011-12-01 00:00:00,2013-11-30 13:30:00,28.7296,0.3685503593019277,7.8,AUSTRALIA,49171.4609375,28.01705322265628,28.756982421875023,0.9201109409332275
109,2,12456.0,27.92963036764706,150.5571,-20.9215,Outer Reef Flat,POINT (150.5571 -20.9215),2011-12-01 00:00:00,2014-04-17 13:30:00,28.7509,0.3442254533243787,9.2,AUSTRALIA,50446.9765625,27.929528808593773,29.4059997558594,1.2750601768493652
110,1,12558.0,28.34733706317204,147.5759,-18.572,Reef Slope,POINT (147.5759 -18.572),2012-05-01 00:00:00,2014-04-30 23:30:00,29.691387,0.6275371232876712,1.9,AUSTRALIA,83457.0234375,28.56099853515628,29.667993164062523,1.1596550941467285
111,1,12585.0,27.458297859450727,152.664,-21.9973,Reef Slope,POINT (152.664 -21.9973),2013-10-01 00:00:00,2015-01-21 13:30:00,28.938,1.20768495899494,2.3,AUSTRALIA,31950.076171875,27.290124511718773,28.070001220703148,0.7185164093971252
112,2,12757.0,27.926376936274508,150.3807,-21.0266,Sheltered Reef Slope,POINT (150.3807 -21.0266),2012-02-01 00:00:00,2014-04-23 13:30:00,28.7362,0.3045887088503744,8.1,AUSTRALIA,32898.48828125,28.196405029296898,29.579003906250023,1.3526421785354614
113,7,BNP_south_1b,30.615502217741938,-80.15982,25.4347,Sheltered Reef Slope,POINT (-80.15982 25.4347),2014-09-01,2017-11-30 23:30:00,31.965775999999995,0.7588349620893008,3.0,CARIBBEAN,3574.419921875,30.502740478515648,31.491998291015648,1.807639241218567
114,8,FLK_lower_1,30.795179659498206,-81.877316,24.45386,Inner Reef Flat,POINT (-81.877316 24.45386),2013-12-03,2016-11-30 23:30:00,32.499038,1.2449747714808044,1.0,CARIBBEAN,4926.181640625,30.619897460937523,31.480004882812523,2.070020914077759
115,8,FLK_middle_1,31.11497012768817,-81.11,24.627,Outer Reef Flat,POINT (-81.11 24.627),2013-12-04,2016-02-24 23:30:00,32.120225,1.064078597785978,1.0,CARIBBEAN,6815.63916015625,31.003045654296898,31.631005859375023,1.898879051208496
116,8,FLK_upper_1,30.53322159498208,-80.376,25.012,Outer Reef Flat,POINT (-80.376 25.012),2013-12-05,2016-11-30 23:30:00,31.583881,0.9285422161172162,2.0,CARIBBEAN,8374.5673828125,30.634088134765648,31.467004394531276,1.863175392150879
117,8,FLK_upper_5,31.200575,-80.50207,24.9465,Outer Reef Flat,POINT (-80.50207 24.9465),2013-12-05,2016-06-30 23:30:00,32.1223,0.9137438764643238,6.0,CARIBBEAN,5347.14599609375,30.982293701171898,31.747979736328148,1.9999165534973145
118,10,STJ_east_1,29.63520649641577,-64.66727,18.34634,Outer Reef Flat,POINT (-64.66727 18.34634),2014-07-04,2017-07-31 23:30:00,31.122234,1.569227846975089,1.0,CARIBBEAN,111.31948852539062,29.329949951171898,29.976007080078148,1.026738166809082
119,10,STJ_east_5,29.56044478046595,-64.6655,18.34684,Reef Slope,POINT (-64.6655 18.34684),2014-07-04,2017-07-31 23:30:00,30.043262,0.4119098754448398,5.5,CARIBBEAN,111.31948852539062,29.329949951171898,29.976007080078148,1.0439167022705078
120,10,STJ_north_5,29.46516581541219,-64.77214,18.36242,Plateau,POINT (-64.77214 18.36242),2014-07-03,2017-07-31 23:30:00,29.874448,0.3423677333333333,5.9,CARIBBEAN,841.2332763671875,29.276025390625023,29.9169860839844,0.9815157651901245
121,10,STJ_south_1,29.938073633512545,-64.72413,18.31827,Inner Reef Flat,POINT (-64.72413 18.31827),2014-07-04,2017-07-31 23:30:00,31.613829000000003,1.5968368327402136,1.1,CARIBBEAN,0.0,29.316796875000023,29.973992919921898,1.0434068441390991
122,10,STJ_south_5,29.65221280241936,-64.72157,18.31044,Reef Slope,POINT (-64.72157 18.31044),2014-07-04,2016-05-31 23:30:00,30.393396,0.4430737822349569,5.9,CARIBBEAN,0.0,29.307000732421898,29.964990234375023,0.7846224904060364
123,10,STJ_west_1,29.496218369175622,-64.80767,18.32873,Reef Crest,POINT (-64.80767 18.32873),2014-07-02,2017-07-31 23:30:00,30.022211,0.4734150976909414,2.4,CARIBBEAN,0.0,29.276635742187523,29.8649841308594,1.0000234842300415
124,10,STJ_west_5,29.54850470430108,-64.80797,18.32827,Reef Crest,POINT (-64.80797 18.32827),2014-07-02,2016-07-31 23:30:00,29.999875,0.3630641261498027,6.3,CARIBBEAN,0.0,29.2333923339844,29.8649841308594,0.8589597344398499
125,10,STT_north_5,29.36254383960573,-64.97528,18.3833,Reef Slope,POINT (-64.97528 18.3833),2014-07-02,2017-07-31 23:30:00,29.879368,0.3932033747779751,6.3,CARIBBEAN,105.63851165771484,29.282525634765648,29.799981689453148,1.006778597831726
126,10,PR_east_15b,29.562063004032257,-65.56462,18.33696,Sheltered Reef Slope,POINT (-65.56462 18.33696),2015-05-01,2017-07-31 23:30:00,30.242817,0.3762148238153098,19.8,CARIBBEAN,387.3720397949219,29.46407470703128,30.424005126953148,1.066597580909729
127,10,PR_east_1a,29.55476706989248,-65.33295,18.33124,Reef Slope,POINT (-65.33295 18.33124),2015-05-01,2017-07-31 23:30:00,30.378877,0.849479829890644,2.3,CARIBBEAN,0.0,29.37227783203128,30.1459899902344,0.8485957384109497
128,10,PR_east_5a,29.528042775537635,-65.33331,18.33112,Reef Slope,POINT (-65.33331 18.33112),2015-05-01,2017-07-31 23:30:00,30.164676,0.4682702308626975,7.8,CARIBBEAN,105.67032623291016,29.37227783203128,30.1459899902344,0.8416009545326233
129,9,PR_east_1b,29.731017118055554,-65.56586,18.33773,Shallow Lagoon,POINT (-65.56586 18.33773),2015-05-01,2017-07-31 23:30:00,30.691217,0.6461921020656136,2.1,CARIBBEAN,238.8588409423828,29.460107421875023,30.425988769531276,1.0111565589904785
130,9,PR_east_5b,29.70291378472222,-65.56527,18.33738,Sheltered Reef Slope,POINT (-65.56527 18.33738),2015-05-01,2017-03-28 23:30:00,30.47557,0.4706965498406918,7.2,CARIBBEAN,238.8588409423828,29.460107421875023,30.425988769531276,0.9463362693786621
131,9,PR_south_15a,29.92708083333333,-67.05065,17.95355,Sheltered Reef Slope,POINT (-67.05065 17.95355),2015-02-01,2017-06-19 23:30:00,30.589262,0.1825641379310344,18.9,CARIBBEAN,111.31948852539062,29.574822998046898,30.304986572265648,0.9835695624351501
132,9,PR_south_5a,30.065529652777776,-67.0507,17.95377,Sheltered Reef Slope,POINT (-67.0507 17.95377),2015-02-01,2017-06-19 23:30:00,30.787557,0.4210450574712644,4.9,CARIBBEAN,111.31948852539062,29.574822998046898,30.304986572265648,0.9412835240364075
133,9,PR_south_1a,30.092686805555555,-67.050667,17.95397,Outer Reef Flat,POINT (-67.050667 17.95397),2015-02-01,2016-11-30 23:30:00,30.954087,0.5955349775784755,1.5,CARIBBEAN,111.31948852539062,29.574822998046898,30.304986572265648,0.8904909491539001
134,10,PR_south_1b,29.89153501344086,-66.23076,17.9122,Outer Reef Flat,POINT (-66.23076 17.9122),2015-05-01,2017-05-31 23:30:00,31.112184000000003,0.9302162729658792,1.9,CARIBBEAN,111.31948852539062,29.481286621093773,30.257989501953148,0.9412357211112976
135,9,PR_west_5,29.698572465277778,-67.260733,18.34293,Reef Slope,POINT (-67.260733 18.34293),2015-05-11,2017-06-17 23:30:00,30.530862,0.7180695708712614,8.1,CARIBBEAN,111.31948852539062,29.428643798828148,30.338983154296898,0.933178722858429
136,9,STX_South_01,29.34231385281385,-64.65305,17.71238,Terrestrial Reef Flat,POINT (-64.65305 17.71238),2016-09-14,2019-08-31 23:30:00,31.03599,0.7877992606284658,1.0,CARIBBEAN,1024.076171875,29.018853759765648,30.227990722656276,1.2101621627807617
137,10,STX_south_1,29.69433461021505,-64.65305,17.71238,Terrestrial Reef Flat,POINT (-64.65305 17.71238),2013-09-11,2015-10-31 23:30:00,31.157503,0.824061971830986,1.0,CARIBBEAN,1024.076171875,29.305566406250023,30.118981933593773,0.88479083776474
138,9,STX_east_05,29.233687234042552,-64.59734,17.76271,Sheltered Reef Slope,POINT (-64.59734 17.76271),2016-09-14,2018-08-31 23:30:00,30.245545,0.4742778242677825,5.0,CARIBBEAN,556.5974731445312,29.052606201171898,30.159997558593773,1.0133178234100342
139,10,STX_east_5,29.514313530465948,-64.59734,17.76271,Sheltered Reef Slope,POINT (-64.59734 17.76271),2013-09-12,2015-11-23 23:30:00,30.0148,0.4403657534246575,5.0,CARIBBEAN,556.5974731445312,29.3049255371094,30.227990722656276,0.8768457174301147
140,10,STX_east_1,29.51532482078853,-64.5976,17.76237,Outer Reef Flat,POINT (-64.5976 17.76237),2013-09-12,2016-01-18 23:30:00,30.120672,0.4902062863795111,1.0,CARIBBEAN,556.5974731445312,29.3049255371094,30.227990722656276,0.891568660736084
141,9,STX_south_05,29.313432196969696,-64.65221,17.71097,Deep Lagoon,POINT (-64.65221 17.71097),2016-09-14,2019-08-31 23:30:00,30.479655,0.4323372458410351,5.0,CARIBBEAN,1265.16259765625,29.018853759765648,30.227990722656276,1.1828218698501587
142,10,STX_south_5,29.6631289874552,-64.65221,17.71097,Deep Lagoon,POINT (-64.65221 17.71097),2013-09-11,2016-05-31 23:30:00,30.722637,0.4532995975855131,5.0,CARIBBEAN,1265.16259765625,29.305566406250023,30.118981933593773,0.9788970947265625
143,10,STX_west_1,29.5113436155914,-64.89392,17.74824,Inner Reef Flat,POINT (-64.89392 17.74824),2013-09-10,2015-05-31 23:30:00,30.443771,1.1641930047694753,1.0,CARIBBEAN,0.0,29.335260009765648,30.169000244140648,0.7818480134010315
144,10,STX_west_15,29.32818194832402,-64.89576,17.7437,Reef Slope,POINT (-64.89576 17.7437),2013-09-10,2019-08-31 23:30:00,30.008076,0.252733638320775,15.0,CARIBBEAN,153.73049926757812,29.199853515625023,30.192987060546898,1.3506746292114258
145,9,OCC-FFS-003,27.57088484002976,-166.291743,23.87565,Reef Slope,POINT (-166.291743 23.87565),2013-09-09 00:00:00,2019-08-28 22:30:00,28.602,0.5224326941492468,6.4,HAWAII,734.4213256835938,27.901727294921898,29.045983886718773,2.2958199977874756
146,9,OCC-FFS-005,27.434001393034823,-166.21969,23.866072,Deep Lagoon,POINT (-166.21969 23.866072),2010-09-09 03:00:00,2016-08-31 23:30:00,28.980932,0.9017291408579948,3.0,HAWAII,1125.322265625,27.51339111328128,29.105981445312523,2.017794132232666
147,9,OCC-FFS-008,27.547496418578625,-166.120261,23.830209,Reef Slope,POINT (-166.120261 23.830209),2013-09-09 07:30:00,2019-08-28 23:00:00,28.65982,0.6018872113406881,4.6,HAWAII,9270.69921875,27.82979736328128,29.144982910156276,2.2868220806121826
148,9,OCC-FFS-011,27.738155401234568,-166.17971,23.640981,Inner Reef Flat,POINT (-166.17971 23.640981),2013-09-07 00:00:00,2015-07-31 23:30:00,28.57455,0.7949714285714287,6.4,HAWAII,881.518798828125,28.090509033203148,29.131982421875023,1.1485430002212524
149,9,OCC-FFS-012,26.99786730820636,-166.17375,23.64515,Inner Reef Flat,POINT (-166.17375 23.64515),2010-09-13 01:00:00,2013-08-31 23:30:00,28.08092,0.836341451882604,1.9,HAWAII,232.3506317138672,27.041680908203148,27.993005371093773,1.2652873992919922
150,9,OCC-FFS-014,28.026524098440547,-166.253744,23.79245,Deep Lagoon,POINT (-166.253744 23.79245),2013-09-07 00:00:00,2019-08-27 20:00:00,29.107372,0.2765674469179911,12.8,HAWAII,2657.7919921875,28.121942138671898,29.4269958496094,2.432089328765869
151,9,OCC-FFS-015,28.267111763242976,-166.233218,23.791847,Deep Lagoon,POINT (-166.233218 23.791847),2013-09-07 05:30:00,2016-08-31 23:30:00,29.07816,0.4138641935422202,4.8,HAWAII,1588.1453857421875,28.346551513671898,29.451989746093773,1.6413905620574951
152,9,OCC-FFS-016,27.730137647488142,-166.167495,23.738133,Inner Reef Flat,POINT (-166.167495 23.738133),2010-09-09 10:30:00,2016-08-31 23:30:00,29.41198,0.8016523602774888,2.7,HAWAII,150.9169464111328,27.781427001953148,29.538995361328148,2.1691277027130127
153,9,OCC-FFS-018,27.78633825671941,-166.121221,23.827943,Inner Reef Flat,POINT (-166.121221 23.827943),2013-09-08 01:30:00,2015-10-31 23:30:00,28.79852,0.7381371203061469,1.7,HAWAII,9031.2578125,27.999780273437523,29.144982910156276,1.1900006532669067
154,9,OCC-FFS-021,26.91640751096492,-166.179725,23.638816,Reef Slope,POINT (-166.179725 23.638816),2010-09-15 00:00:00,2013-08-31 23:30:00,27.701081,0.670360720887246,10.6,HAWAII,987.6021118164062,27.024438476562523,27.943994140625023,1.2651846408843994
155,9,OCC-FFS-022,26.881817790937177,-166.273074,23.880466,Reef Slope,POINT (-166.273074 23.880466),2010-09-10 00:00:00,2013-08-31 23:30:00,27.716169,0.4181936249329142,8.7,HAWAII,1079.8673095703125,26.989648437500023,27.855004882812523,1.3371946811676025
156,9,OCC-FFS-023,27.03269116975387,-166.275156,23.856237,Deep Lagoon,POINT (-166.275156 23.856237),2010-09-08 00:00:00,2013-08-31 23:30:00,28.182495,0.6063809205613739,7.5,HAWAII,1570.781494140625,27.0222106933594,27.9169860839844,1.3961009979248047
157,9,OCC-KAU-005,27.48140576388889,-159.525493,21.882239,Reef Slope,POINT (-159.525493 21.882239),2013-09-01 00:00:00,2019-07-20 23:30:00,28.995088,0.6814925943176525,5.4,HAWAII,103.29893493652344,27.553613281250023,29.133996582031276,1.8287419080734253
158,10,OCC-KAU-010,26.07629341397849,-159.447488,21.86885,Plateau,POINT (-159.447488 21.86885),2010-11-01 00:00:00,2013-08-17 17:30:00,26.73522,0.4303243448444771,6.1,HAWAII,103.30907440185548,26.119805908203148,26.939996337890648,1.3279465436935425
159,9,OCC-KUR-003,27.39663915609695,-178.345427,28.450545,Reef Crest,POINT (-178.345427 28.450545),2013-07-14 12:00:00,2019-08-31 23:30:00,28.71489,0.6000790651205451,4.8,HAWAII,6503.861328125,27.549401855468773,29.140008544921898,3.021956443786621
160,9,OCC-KUR-004,27.24939170109245,-178.306223,28.44761,Inner Reef Flat,POINT (-178.306223 28.44761),2010-10-01 00:00:00,2019-08-31 23:30:00,28.989494,0.8531275069860705,0.9,HAWAII,5354.91455078125,27.415429687500023,29.0629821777344,3.1426966190338135
161,9,OCC-KUR-011,27.404395673256246,-178.339316,28.387194,Reef Slope,POINT (-178.339316 28.387194),2013-07-14 12:00:00,2019-08-31 23:30:00,28.861225,0.7674635860310696,4.6,HAWAII,445.2779541015625,27.591119384765648,29.178979492187523,2.991398811340332
162,8,OCC-KUR-014,27.487317540322582,-178.374395,28.41282,Back Reef Slope,POINT (-178.374395 28.41282),2016-09-14 02:30:00,2019-08-31 23:30:00,29.350798,0.7823099689973234,5.0,HAWAII,4068.050048828125,27.427178955078148,29.308984375000023,2.0535776615142822
163,8,OCC-KUR-015,27.30419233030914,-178.368404,28.429244,Outer Reef Flat,POINT (-178.368404 28.429244),2010-10-01 00:00:00,2019-08-31 23:30:00,29.265976,0.9323534004899128,0.9,HAWAII,5040.84912109375,27.4821716308594,29.2189880371094,3.136934995651245
164,8,OCC-KUR-019,27.36739334677419,-178.34321,28.418214,Deep Lagoon,POINT (-178.34321 28.418214),2010-10-01 00:00:00,2013-06-30 23:30:00,29.5664,0.9135871513944224,0.3,HAWAII,2953.33203125,27.150170898437523,28.403985595703148,1.9919216632843018
165,8,OCC-KUR-022,26.97973602150537,-178.34321,28.418214,Deep Lagoon,POINT (-178.34321 28.418214),2010-10-01 00:00:00,2013-06-30 23:30:00,28.3718,0.7304032868525897,9.8,HAWAII,2953.33203125,27.150170898437523,28.403985595703148,1.9919216632843018
166,10,OCC-LAN-007,26.10771260080645,-156.834676,20.87053,Reef Slope,POINT (-156.834676 20.87053),2010-11-01 00:00:00,2013-08-20 16:00:00,26.957975,0.3834430350891475,14.6,HAWAII,684.6610717773438,26.254724121093773,27.027001953125023,1.3572802543640137
167,9,OCC-LAY-001,27.720667060185185,-171.738929,25.77952,Outer Reef Flat,POINT (-171.738929 25.77952),2008-10-01 00:00:00,2012-02-29 23:30:00,29.144214000000005,1.3482970328789092,1.21,HAWAII,0.0,27.656610107421898,28.4789978027344,2.007725954055786
168,9,OCC-LAY-003,27.557534756944445,-171.742645,25.772464,Inner Reef Flat,POINT (-171.742645 25.772464),2008-10-01 00:00:00,2013-02-28 23:30:00,28.521038,0.7225611662531017,2.93,HAWAII,100.24626922607422,27.56026611328128,28.428002929687523,2.0735669136047363
169,9,OCC-LIS-002,28.18441594470857,-173.997019,26.078398,Reef Slope,POINT (-173.997019 26.078398),2010-10-01 00:00:00,2019-08-31 20:30:00,29.673101,0.4087866816505301,14.4,HAWAII,2693.0517578125,28.168634033203148,29.7919860839844,2.8188509941101074
170,8,OCC-LIS-003,28.76024647177419,-173.984726,26.078693,Inner Reef Flat,POINT (-173.984726 26.078693),2013-09-14 00:00:00,2016-03-30 12:30:00,29.96056,0.4837368229750953,4.3,HAWAII,1563.1607666015625,28.586206054687523,29.758996582031276,1.6789227724075317
171,9,OCC-LIS-006,28.41543505295008,-173.918044,26.037185,Deep Lagoon,POINT (-173.918044 26.037185),2013-09-13 07:00:00,2019-08-30 22:30:00,30.058991,0.5425299922374283,4.8,HAWAII,4562.61767578125,28.3476501464844,30.004998779296898,2.6245837211608887
172,9,OCC-LIS-009,28.25243930310408,-173.896129,25.957118,Reef Slope,POINT (-173.896129 25.957118),2013-09-14 02:00:00,2019-08-30 23:30:00,29.770103,0.4210732327146645,5.6,HAWAII,12458.1201171875,28.249353027343773,29.852990722656276,2.5260367393493652
173,9,OCC-LIS-010,28.206322596153843,-173.915897,25.967666,Deep Lagoon,POINT (-173.915897 25.967666),2010-10-01 00:00:00,2019-08-30 23:30:00,29.948785,0.434083076396026,9.9,HAWAII,10579.197265625,28.210626220703148,30.028985595703148,2.9839789867401123
174,9,OCC-LIS-016,28.27419494324045,-173.915897,25.967666,Deep Lagoon,POINT (-173.915897 25.967666),2010-10-01 00:00:00,2016-09-17 13:00:00,29.995529,0.4711077237175063,0.5,HAWAII,10579.197265625,28.275720214843773,30.028985595703148,2.7237846851348877
175,9,OCC-LIS-013,28.124371062675777,-173.994387,25.986994,Deep Lagoon,POINT (-173.994387 25.986994),2010-10-01 00:00:00,2019-08-31 21:00:00,29.945400000000003,0.5118775892407423,14.6,HAWAII,8156.32958984375,28.173181152343773,29.863000488281276,2.858139753341675
176,9,OCC-LIS-014,28.445153400735293,-173.966005,25.987902,Deep Lagoon,POINT (-173.966005 25.987902),2013-09-15 00:00:00,2019-08-31 23:30:00,30.325492,0.4982222166499498,4.8,HAWAII,7364.09228515625,28.297937011718773,30.032983398437523,2.7229795455932617
177,9,OCC-MAI-006,27.791943281250003,-156.691816,20.951831,Reef Slope,POINT (-156.691816 20.951831),2014-07-02 08:30:00,2017-12-31 23:30:00,29.338521,0.7389673390515948,5.449999999999999,HAWAII,152.31436157226562,27.4973083496094,29.434991455078148,1.3007842302322388
178,9,OCC-MAI-007,27.82641319444445,-156.687715,20.960188,Reef Slope,POINT (-156.687715 20.960188),2014-07-02 12:00:00,2018-03-22 23:30:00,29.255351,0.6587659182922342,5.6,HAWAII,235.8333435058593,27.93306884765628,29.434991455078148,1.370849609375
179,10,OCC-MAI-011,26.281963608870967,-156.584439,20.790804,Reef Slope,POINT (-156.584439 20.790804),2010-11-01 00:00:00,2013-07-31 23:30:00,27.387804,0.6789980079681275,11.9,HAWAII,491.5224304199219,26.2971130371094,27.226983642578148,1.3370599746704102
180,10,OCC-MOI-001,26.190729737903222,-156.497131,20.630286,Reef Slope,POINT (-156.497131 20.630286),2010-11-01 00:00:00,2013-07-30 17:00:00,27.062686,0.2559801001433587,10.7,HAWAII,0.0,26.18258056640628,27.0419860839844,1.3588792085647583
181,9,OCC-OAH-006,27.44253872222222,-157.788058,21.473614,Plateau,POINT (-157.788058 21.473614),2013-11-01 00:00:00,2019-07-31 23:30:00,28.78522,0.561160551948052,5.5,HAWAII,893.4896240234375,27.45919189453128,28.941003417968773,1.6166718006134033
182,9,OCC-OAH-007,27.575651805555555,-157.798648,21.458624,Outer Reef Flat,POINT (-157.798648 21.458624),2017-02-10 09:00:00,2019-07-31 23:30:00,28.818742,1.269991265770137,2.15,HAWAII,1085.9066162109375,27.213677978515648,27.917993164062523,1.1815119981765747
183,9,OCC-OAH-011,27.81330397569444,-157.863772,21.28991,Outer Reef Flat,POINT (-157.863772 21.28991),2013-11-01 00:00:00,2017-12-16 23:30:00,29.279766,0.5480337757133378,5.3,HAWAII,222.63897705078125,27.789849853515648,29.0109802246094,1.4337561130523682
184,9,OCC-OAH-015,28.274695034722225,-158.11838,21.309493,Plateau,POINT (-158.11838 21.309493),2013-10-01 00:00:00,2016-08-18 12:30:00,29.612609,0.7360313012153122,5.2,HAWAII,152.14285278320312,28.236016845703148,29.152001953125023,1.1776784658432007
185,9,OCC-PHR-003,27.251453944615385,-175.863494,27.937653,Reef Slope,POINT (-175.863494 27.937653),2013-09-11 03:00:00,2019-08-31 23:30:00,29.079353,0.6825668284712335,5.9,HAWAII,5929.3818359375,27.675469970703148,29.6870056152344,3.2104790210723877
186,8,OCC-PHR-005,27.50767929267473,-175.780832,27.957664,Inner Reef Flat,POINT (-175.780832 27.957664),2010-10-01 00:00:00,2019-08-31 23:30:00,29.98237,1.1453861646212002,0.9,HAWAII,5382.2568359375,27.471093750000023,29.429986572265648,3.4651339054107666
187,9,OCC-PHR-008,26.822074560041408,-175.734908,27.868921,Reef Slope,POINT (-175.734908 27.868921),2016-09-10 12:00:00,2019-07-31 23:30:00,27.715635,0.6341688477951636,4.6,HAWAII,4582.4248046875,27.073419189453148,27.929986572265648,2.0445737838745117
188,9,OCC-PHR-009,27.53184443328731,-175.779344,27.802625,Deep Lagoon,POINT (-175.779344 27.802625),2010-09-15 00:30:00,2015-12-31 23:30:00,28.668112,0.7940981999159745,1.7,HAWAII,1017.5828247070312,27.649835205078148,28.948999023437523,2.7936058044433594
189,9,OCC-PHR-013,27.163428263639524,-175.883064,27.783312,Plateau,POINT (-175.883064 27.783312),2013-07-16 12:00:00,2019-07-31 23:30:00,28.4215,0.6772419810207261,5.2,HAWAII,2074.20068359375,27.495507812500023,28.829003906250023,2.992536783218384
190,9,OCC-PHR-014,27.26425145639905,-175.978716,27.774736,Outer Reef Flat,POINT (-175.978716 27.774736),2010-10-01 00:00:00,2019-08-31 23:30:00,28.890543,0.7762597058763951,1.3,HAWAII,3250.0498046875,27.472100830078148,29.198999023437523,3.2991533279418945
191,9,OCC-PHR-017,27.32960778576742,-175.991585,27.792347,Inner Reef Flat,POINT (-175.991585 27.792347),2013-09-12 12:00:00,2019-08-31 23:30:00,29.028438,0.6886080635600512,4.9,HAWAII,5338.10009765625,27.526940917968773,29.196984863281276,3.030365467071533
192,9,OCC-PHR-020,27.690251631944445,-175.831379,27.898,Inner Reef Flat,POINT (-175.831379 27.898),2010-10-01 00:00:00,2013-06-30 23:30:00,29.983775,0.951062250996016,1.2,HAWAII,2853.8466796875,27.525170898437523,29.1140075683594,2.2396340370178223
193,9,OCC-PHR-021,27.165022187500004,-175.894302,27.911827,Reef Crest,POINT (-175.894302 27.911827),2010-10-01 00:00:00,2013-06-30 23:30:00,29.2339,0.7660793824701196,2.9,HAWAII,4499.134765625,27.445397949218773,28.959985351562523,2.1306703090667725
194,9,OCC-PHR-024,26.853236909722224,-175.780467,27.78571,Reef Slope,POINT (-175.780467 27.78571),2010-10-01 00:00:00,2013-08-31 23:30:00,27.9327,1.0633358348968105,13.5,HAWAII,2810.723876953125,27.247583007812523,28.366998291015648,2.023980140686035
195,9,OCC-PHR-025,27.56565150767544,-175.815877,27.853937,Inner Reef Flat,POINT (-175.815877 27.853937),2010-09-15 00:00:00,2013-06-30 23:30:00,29.055383,0.5563106862745099,0.3,HAWAII,1897.6607666015625,27.606835937500023,28.790002441406276,2.2441530227661133
196,9,AG1,27.183099305555555,-156.02776,19.6685,Outer Reef Flat,POINT (-156.02776 19.6685),2011-11-10 10:00:00,2013-11-30 23:30:00,27.604,0.5767723552123551,3.35,HAWAII,0.0,26.79830322265628,27.527001953125023,1.03933584690094
197,10,AO1B,26.771415584415585,-156.02789,19.67154,Plateau,POINT (-156.02789 19.67154),2010-07-01 00:00:00,2011-06-30 23:30:00,27.702,0.9379898053753476,2.13,HAWAII,0.0,26.196801757812523,26.632989501953148,0.4559478759765625
198,10,FF3,26.5771814516129,-156.03793,19.69034,Outer Reef Flat,POINT (-156.03793 19.69034),2010-07-01 00:00:00,2012-08-31 23:30:00,27.235,0.7003267651888341,2.13,HAWAII,0.0,26.435418701171898,27.195001220703148,1.03773033618927
199,10,FF3B,26.617297915265635,-156.03789,19.69029,Outer Reef Flat,POINT (-156.03789 19.69029),2010-07-01 00:00:00,2012-04-30 23:30:00,27.382,0.5639019126107914,7.62,HAWAII,0.0,26.435418701171898,27.195001220703148,0.8793799877166748
200,9,KB1,27.23894166666667,-155.99757,19.63797,Outer Reef Flat,POINT (-155.99757 19.63797),2011-04-01 00:00:00,2013-11-30 23:30:00,27.751,0.4984798418972331,3.05,HAWAII,104.84489440917967,26.659356689453148,27.459008789062523,1.15963613986969
201,9,KB2,26.635122222222225,-155.99808,19.63759,Reef Slope,POINT (-155.99808 19.63759),2010-07-01 00:00:00,2011-06-30 23:30:00,27.136,0.4598513444082891,2.74,HAWAII,0.0,26.189538574218773,26.659997558593773,0.43400102853775024
202,9,KB3,26.626383333333333,-156.00023,19.63678,Reef Slope,POINT (-156.00023 19.63678),2010-07-01 00:00:00,2011-06-30 23:30:00,27.17625,0.4616256351698544,4.57,HAWAII,0.0,26.187097167968773,26.636987304687523,0.4339808523654938
203,9,KC3,26.588210185185183,-156.03415,19.68587,Reef Slope,POINT (-156.03415 19.68587),2010-07-01 00:00:00,2013-11-30 23:30:00,27.407,0.7386185519081501,2.13,HAWAII,0.0,26.582910156250023,27.4789978027344,1.3897705078125
204,9,KC3B,26.975088888888887,-156.03415,19.68587,Reef Slope,POINT (-156.03415 19.68587),2011-11-08 12:00:00,2013-11-30 23:30:00,27.47125,0.6273010156971374,3.96,HAWAII,0.0,26.808618164062523,27.4789978027344,1.027850866317749
205,10,KC4,26.66410663841808,-156.03452,19.68614,Reef Slope,POINT (-156.03452 19.68614),2010-07-01 00:00:00,2012-04-30 23:30:00,27.407,0.5493433723624068,2.74,HAWAII,0.0,26.434350585937523,27.178491210937523,0.9472251534461975
206,9,KO,26.642800347222224,-156.03419,19.68509,Reef Slope,POINT (-156.03419 19.68509),2010-07-01 00:00:00,2013-11-30 23:30:00,27.407,0.6459989837867799,3.96,HAWAII,0.0,26.582910156250023,27.4789978027344,1.3798174858093262
207,9,KS8,26.70942685185185,-156.03463,19.68563,Reef Slope,POINT (-156.03463 19.68563),2010-07-01 00:00:00,2013-11-30 23:30:00,27.358,0.5543169458194886,7.01,HAWAII,0.0,26.582910156250023,27.4789978027344,1.3677111864089966
208,9,KW1,26.893423958333333,-155.90628,19.88811,Reef Slope,POINT (-155.90628 19.88811),2010-07-01 00:00:00,2013-11-30 23:30:00,27.949,0.6990293286137862,1.83,HAWAII,104.68000030517578,26.596704101562523,27.565728759765648,1.4064990282058716
209,10,KW3,26.766897177419352,-155.90645,19.88807,Reef Slope,POINT (-155.90645 19.88807),2010-07-01 00:00:00,2011-06-30 23:30:00,27.579,0.8019810459008906,1.83,HAWAII,104.68000030517578,26.382653808593773,26.933496093750023,0.451709508895874
210,3,OCC-OFU-011,29.70767858527132,-169.65264,-14.177703,Shallow Lagoon,POINT (-169.65264 -14.177703),2012-05-01 00:00:00,2015-03-24 23:00:00,31.457338,1.1460330812854442,1.3,NOAA_PACIFIC,107.92887878417967,29.450494384765648,31.070001220703148,1.337917447090149
211,3,OCC-OFU-015,29.54455799731183,-169.680123,-14.172684,Inner Reef Flat,POINT (-169.680123 -14.172684),2012-05-01 00:00:00,2014-12-27 23:00:00,32.47732499999999,1.9651140061791963,0.6,NOAA_PACIFIC,215.86251831054688,29.5908142089844,30.472009277343773,1.2468141317367554
212,4,OCC-OFU-016,29.529586944444443,-169.680992,-14.173694,Reef Slope,POINT (-169.680992 -14.173694),2012-05-01 00:00:00,2015-01-21 23:00:00,30.418555,0.436076984924623,4.4,NOAA_PACIFIC,215.861557006836,29.5908142089844,30.868005371093773,1.3032045364379883
213,2,OCC-ROS-004,29.70372983630952,-168.147942,-14.539873,Outer Reef Flat,POINT (-168.147942 -14.539873),2012-05-01 00:00:00,2014-07-23 23:00:00,34.44949299999999,2.3881890663390664,0.63,NOAA_PACIFIC,392.5153198242188,29.6291442871094,30.390985107421898,1.2632923126220703
214,2,OCC-ROS-012,29.80160228174603,-168.164501,-14.548343,Inner Reef Flat,POINT (-168.164501 -14.548343),2012-05-01 00:00:00,2015-03-18 23:00:00,34.0612,2.637344961977186,0.9,NOAA_PACIFIC,1860.54736328125,29.623620605468773,30.735986328125023,1.3666805028915405
215,5,OCC-SWA-008,29.63868035935564,-171.090716,-11.058642,Sheltered Reef Slope,POINT (-171.090716 -11.058642),2012-04-02 00:00:00,2015-01-18 23:00:00,30.601493999999995,0.4720667988762188,5.6,NOAA_PACIFIC,155.9749298095703,29.736901855468773,30.683984375000023,1.2141591310501099
216,5,OCC-SWA-009,29.6744672,-171.090393,-11.057194,Inner Reef Flat,POINT (-171.090393 -11.057194),2012-04-01 00:00:00,2014-10-31 23:00:00,32.73791,2.44683364195756,0.6,NOAA_PACIFIC,109.25286865234376,29.736901855468773,30.683984375000023,1.137081265449524
217,4,OCC-TAU-002,29.57702465277778,-169.440948,-14.21177,Sheltered Reef Slope,POINT (-169.440948 -14.21177),2012-05-01 00:00:00,2015-02-28 23:00:00,30.188517,0.2416805609284333,14.9,NOAA_PACIFIC,310.077880859375,29.572442626953148,30.734979248046898,1.3236812353134155
218,4,OCC-TAU-006,29.60545545193688,-169.418703,-14.227247,Sheltered Reef Slope,POINT (-169.418703 -14.227247),2012-05-01 00:30:00,2014-08-19 23:00:00,30.453512,0.3214098841975816,5.6,NOAA_PACIFIC,107.90504455566406,29.57515869140628,30.316979980468773,1.2006384134292603
219,9,OCC-GUA-003,29.806560277777777,144.92338,13.602277,Terrestrial Reef Flat,POINT (144.92338 13.602277),2014-04-01 00:00:00,2015-08-31 23:30:00,30.4564,0.4641716216216215,5.6,NOAA_PACIFIC,111.31948852539062,29.73165283203128,30.734979248046898,0.9766147136688232
220,6,OCC-GUA-006,29.55056888888889,144.863562,13.475966,Reef Slope,POINT (144.863562 13.475966),2014-04-01 00:00:00,2015-09-30 23:30:00,30.800742,0.4352677007299271,5.8,NOAA_PACIFIC,108.25482940673828,29.500054931640648,30.709985351562523,1.046964168548584
221,9,OCC-GUA-011,29.78816472222222,144.700535,13.243431,Deep Lagoon,POINT (144.700535 13.243431),2014-04-01 00:00:00,2015-08-31 23:30:00,32.525808,1.793907335907336,1.07,NOAA_PACIFIC,351.09796142578125,29.762963867187523,30.523980712890648,0.9716532826423645
222,6,OCC-GUA-013,29.560126666666665,144.69916,13.475541,Sheltered Reef Slope,POINT (144.69916 13.475541),2014-04-04 04:30:00,2015-12-19 23:30:00,31.102125,0.6051456937081124,1.2,NOAA_PACIFIC,757.7838134765625,29.529718017578148,30.546990966796898,1.1627309322357178
223,9,OCC-GUA-014,29.27281569940476,144.80018,13.528926,Sheltered Reef Slope,POINT (144.80018 13.528926),2014-04-01 00:00:00,2015-09-26 23:30:00,30.26223,0.6614992647058824,25.0,NOAA_PACIFIC,324.6923522949219,29.529840087890648,30.6769958496094,0.9099366664886475
224,7,OCC-GUA-017,29.518539784946235,144.801308,13.528832,Sheltered Reef Slope,POINT (144.801308 13.528832),2014-04-01 00:00:00,2016-09-30 23:30:00,30.738833,0.5351373085339167,5.2,NOAA_PACIFIC,216.4615631103516,29.548394775390648,30.829980468750023,1.4120813608169556
225,6,OCC-PAG-004,30.11890701388889,145.767809,18.102936,Terrestrial Reef Flat,POINT (145.767809 18.102936),2014-05-01 00:00:00,2016-01-31 23:30:00,32.190782000000006,1.183114903403864,0.6,NOAA_PACIFIC,0.0,29.769403076171898,31.386987304687523,1.1827805042266846
226,8,OCC-WAK-016,29.667771370967746,166.604494,19.30866,Shallow Lagoon,POINT (166.604494 19.30866),2011-04-01 00:00:00,2014-03-18 23:00:00,31.632923,1.970155216989843,1.7,NOAA_PACIFIC,594.9376220703125,29.233666992187523,30.088983154296898,1.3251746892929077
227,8,OCC-WAK-017,29.69621563620072,166.622125,19.307356,Plateau,POINT (166.622125 19.307356),2011-04-01 00:00:00,2014-03-18 23:00:00,31.8391,0.8578711911357341,2.9,NOAA_PACIFIC,153.06625366210938,29.222772216796898,30.067987060546898,1.2833150625228882
228,12,TIM_OCEAN_008,29.96572379032258,125.499234,-8.554777,Reef Slope,POINT (125.499234 -8.554777),2012-11-01 00:00:00,2014-09-30 23:00:00,31.196832,1.1517047210300428,6.1,NOAA_PACIFIC,222.63897705078125,30.0131774902344,31.089990234375023,1.2391210794448853
229,12,TIM_OCEAN_015,29.500850336021504,127.312221,-8.41081,Reef Slope,POINT (127.312221 -8.41081),2012-11-01 00:00:00,2014-09-30 23:00:00,30.932494999999992,1.5190934191702432,14.9,NOAA_PACIFIC,313.170166015625,29.914819335937523,31.335992431640648,1.2384051084518433
230,12,TIM_OCEAN_025,30.063505913978496,125.61682,-8.224317,Reef Slope,POINT (125.61682 -8.224317),2012-11-01 00:00:00,2014-09-17 23:00:00,31.416616,0.6828564139941692,6.1,NOAA_PACIFIC,697.5343017578125,30.040063476562523,31.2289978027344,1.2698675394058228
231,5,103,30.582271841397848,134.37512,7.43066,Back Reef Slope,POINT (134.37512 7.43066),2017-11-11 09:00:00,2019-07-16 23:30:00,31.88,0.6239573401162791,,PALAU,7929.6875,30.2788024902344,31.633996582031276,1.4431182146072388
232,5,11,30.27162802419355,134.50316,7.2896,Inner Reef Flat,POINT (134.50316 7.2896),2017-11-11 09:00:00,2019-12-31 23:30:00,33.326,1.5449778249132275,,PALAU,1640.6307373046875,30.151666259765648,31.403985595703148,1.5153162479400635
233,5,115,31.19424462365592,134.37686,7.43626,Deep Lagoon,POINT (134.37686 7.43626),2017-11-11 09:00:00,2019-01-17 23:30:00,32.394,0.6184879060124393,,PALAU,8000.67431640625,30.726129150390648,31.592980957031276,0.9656141400337219
234,10,119,31.97128561827957,134.37691,7.4364,Deep Lagoon,POINT (134.37691 7.4364),2017-11-11 09:00:00,2019-12-31 23:30:00,34.903,0.6409484278227726,,PALAU,8000.67431640625,30.259881591796898,31.592980957031276,1.614656925201416
235,5,13,30.29939784946237,134.5029,7.28898,Outer Reef Flat,POINT (134.5029 7.28898),2017-11-11 09:00:00,2019-12-31 23:30:00,33.561,1.735040493636714,,PALAU,1693.4453125,30.151666259765648,31.403985595703148,1.521742582321167
236,5,139,30.931932123655915,134.38406,7.42699,Deep Lagoon,POINT (134.38406 7.42699),2017-11-11 09:00:00,2019-12-31 23:30:00,31.778,0.4314494885157304,,PALAU,6864.84326171875,30.2788024902344,31.633996582031276,1.6372509002685547
237,5,155,30.578860887096774,134.40152,7.44966,Inner Reef Flat,POINT (134.40152 7.44966),2017-11-11 09:00:00,2019-12-31 23:30:00,32.213750000000005,0.7725736660314435,,PALAU,6226.5400390625,30.2656188964844,31.553002929687523,1.6528351306915283
238,5,157,30.5555873655914,134.40173,7.44939,Inner Reef Flat,POINT (134.40173 7.44939),2017-11-11 09:00:00,2019-07-16 23:30:00,31.983,0.5725802798615118,,PALAU,6226.5400390625,30.2656188964844,31.553002929687523,1.5023797750473022
239,6,205,29.88414791666667,134.57358,7.82102,Outer Reef Flat,POINT (134.57358 7.82102),2017-11-11 09:00:00,2019-07-16 23:30:00,30.862,0.7968186507670663,,PALAU,8437.126953125,30.004083251953148,31.113000488281276,1.3261744976043701
240,5,211,30.95101814516129,134.57028,7.81049,Back Reef Slope,POINT (134.57028 7.81049),2017-11-11 09:00:00,2019-01-17 23:30:00,31.983,0.8405371762740181,,PALAU,7687.873046875,30.531884765625023,31.109979248046898,0.8597946166992188
241,6,215,30.15168576388889,134.57079,7.81085,Back Reef Slope,POINT (134.57079 7.81085),2017-11-11 09:00:00,2019-07-16 23:30:00,32.497,1.48922830741492,,PALAU,7687.873046875,30.010797119140648,31.109979248046898,1.4388021230697632
242,6,221,29.98792986111111,134.56512,7.80928,Back Reef Slope,POINT (134.56512 7.80928),2018-07-10 09:00:00,2019-07-16 23:30:00,31.064,0.8116617501239466,,PALAU,7992.08203125,29.8220153808594,30.7189880371094,0.7862194776535034
243,6,225,29.80249027777778,134.56474,7.80968,Back Reef Slope,POINT (134.56474 7.80968),2018-07-10 09:00:00,2019-07-16 23:30:00,31.2017,0.6563936539414971,,PALAU,8071.59619140625,29.82369384765628,30.713006591796898,0.7819994688034058
244,6,227,29.94346458333333,134.56519,7.8094,Back Reef Slope,POINT (134.56519 7.8094),2018-07-10 09:00:00,2019-07-16 23:30:00,30.963,0.786606593951413,,PALAU,7992.08203125,29.8220153808594,30.7189880371094,0.7768261432647705
245,6,233,29.94939583333333,134.5636,7.80887,Back Reef Slope,POINT (134.5636 7.80887),2018-07-10 09:00:00,2019-07-16 23:30:00,30.862,0.854326433750824,,PALAU,8076.234375,29.82369384765628,30.713006591796898,0.7819994688034058
246,6,237,29.84475833333333,134.56395,7.80899,Back Reef Slope,POINT (134.56395 7.80899),2018-07-10 09:00:00,2019-07-16 23:30:00,30.457,0.5747622940013182,,PALAU,8076.234375,29.82369384765628,30.713006591796898,0.7819994688034058
247,6,241,29.876495833333333,134.53078,7.85537,Shallow Lagoon,POINT (134.53078 7.85537),2018-07-10 09:00:00,2019-07-16 23:30:00,30.963,1.0218501295422835,,PALAU,14362.078125,29.804772949218773,30.495996093750023,0.8191309571266174
248,6,245,29.82713888888889,134.53108,7.85542,Back Reef Slope,POINT (134.53108 7.85542),2018-07-10 09:00:00,2019-07-16 23:30:00,30.862,0.8142655284660864,,PALAU,14288.6328125,29.804772949218773,30.495996093750023,0.7875898480415344
249,6,267,30.09314652777778,134.61736,7.79746,Inner Reef Flat,POINT (134.61736 7.79746),2017-11-11 09:00:00,2019-12-31 23:30:00,31.983,1.008921454112038,,PALAU,4230.140625,30.026177978515648,31.102990722656276,1.5854589939117432
250,6,265,30.00669618055556,134.61859,7.79739,Back Reef Slope,POINT (134.61859 7.79739),2017-11-11 09:00:00,2019-07-16 23:30:00,31.268,0.7589903263066705,,PALAU,4231.578125,30.026177978515648,31.102990722656276,1.4025793075561523
251,6,277,30.044953472222225,134.61732,7.79336,Shallow Lagoon,POINT (134.61732 7.79336),2017-11-11 09:00:00,2019-07-16 23:30:00,31.268,0.5612149148137452,,PALAU,3784.86279296875,30.030664062500023,31.098992919921898,1.4313852787017822
252,5,307,30.01818346774193,134.64374,7.91858,Back Reef Slope,POINT (134.64374 7.91858),2017-11-11 09:00:00,2019-07-16 13:00:00,31.166,0.5233292221925236,,PALAU,14553.859375,30.057885742187523,31.142999267578148,1.37660551071167
253,5,33,30.48499596774193,134.34085,7.22601,Back Reef Slope,POINT (134.34085 7.22601),2017-11-11 09:00:00,2019-07-16 23:30:00,31.778,0.7778141226928085,,PALAU,2155.92578125,30.289331054687523,31.488000488281276,1.254801869392395
254,5,329,30.31855913978495,134.52475,7.86615,Inner Reef Flat,POINT (134.52475 7.86615),2017-11-11 09:00:00,2019-07-16 23:30:00,32.911,1.3295627512114496,,PALAU,15718.5986328125,30.020379638671898,31.119989013671898,1.4024919271469116
255,5,339,30.11831081989247,134.5311,7.8527,Back Reef Slope,POINT (134.5311 7.8527),2017-11-11 09:00:00,2019-05-31 23:30:00,31.778,0.9135463072952934,,PALAU,14040.6337890625,30.239923095703148,31.118005371093773,1.3266035318374634
256,5,345,29.95372143817204,134.64246,7.92779,Deep Lagoon,POINT (134.64246 7.92779),2017-11-11 09:00:00,2019-07-16 13:30:00,31.064,0.5360829324169529,,PALAU,13676.82421875,30.061364746093773,31.146997070312523,1.4053350687026978
257,6,351,30.071813888888887,134.50882,7.869,Inner Reef Flat,POINT (134.50882 7.869),2017-11-11 09:00:00,2019-07-16 23:30:00,31.983,1.3491010546787343,,PALAU,17080.3359375,30.0234313964844,31.118981933593773,1.4611546993255615
258,6,371,29.85773645833333,134.49623,7.92897,Back Reef Slope,POINT (134.49623 7.92897),2017-11-11 09:00:00,2019-07-16 23:30:00,30.963,0.7804840302191637,,PALAU,23064.712890625,30.040612792968773,31.123986816406276,1.4335685968399048
259,6,373,29.93364097222222,134.49625,7.92897,Back Reef Slope,POINT (134.49625 7.92897),2017-11-11 09:00:00,2019-07-16 23:30:00,31.166,0.7771287306455231,,PALAU,23064.712890625,30.040612792968773,31.123986816406276,1.4474228620529175
260,6,379,29.864095833333334,134.49622,7.92908,Back Reef Slope,POINT (134.49622 7.92908),2017-11-11 09:00:00,2019-07-16 23:30:00,31.166,0.7821909641708431,,PALAU,23155.591796875,30.040612792968773,31.123986816406276,1.4474228620529175
261,6,381,30.173206597222222,134.57086,7.72912,Back Reef Slope,POINT (134.57086 7.72912),2017-11-11 09:00:00,2019-12-31 23:30:00,32.086,1.0826145916426335,,PALAU,4230.53271484375,30.031152343750023,31.0939880371094,1.6173045635223389
262,5,397,30.15252990591398,134.56781,7.71667,Reef Crest,POINT (134.56781 7.71667),2017-11-11 09:00:00,2019-07-16 23:30:00,31.88,1.0042356945171664,,PALAU,4413.8671875,30.037225341796898,31.127984619140648,1.441935420036316
263,5,7,30.28827116935484,134.51178,7.29197,Inner Reef Flat,POINT (134.51178 7.29197),2017-11-11 09:00:00,2019-12-31 23:30:00,33.222,1.545354994215195,,PALAU,2059.772216796875,30.148522949218773,31.407983398437523,1.5276249647140503
264,5,9,30.311084341397848,134.51247,7.29205,Inner Reef Flat,POINT (134.51247 7.29205),2017-11-11 09:00:00,2019-12-31 23:30:00,33.326,1.7351041264944078,,PALAU,2088.15185546875,30.148522949218773,31.407983398437523,1.5185552835464478
265,5,55,30.383696572580643,134.26915,7.26093,Plateau,POINT (134.26915 7.26093),2017-11-11 09:00:00,2019-07-16 23:30:00,31.37,0.4784561046511629,,PALAU,2588.98974609375,30.371362304687523,31.751000976562523,1.3046362400054932
266,5,93,30.763343413978497,134.33562,7.20424,Back Reef Slope,POINT (134.33562 7.20424),2017-11-11 09:00:00,2019-01-17 23:30:00,31.37,0.4345765930057926,,PALAU,1889.4833984375,30.752008056640648,31.547998046875023,0.9194583892822266
